Date,Strike,Maturity,ImpliedVol,Type
12-Jun-26,10425,7,12.78784466,Call
12-Jun-26,10425,7,12.88685608,Put
12-Jun-26,10450,7,12.85198498,Call
12-Jun-26,10450,7,12.81538868,Put
12-Jun-26,10475,7,12.66840458,Call
12-Jun-26,10475,7,12.7250185,Put
12-Jun-26,10500,7,12.63898087,Call
12-Jun-26,10500,7,12.60928059,Put
12-Jun-26,10525,7,12.58130169,Call
12-Jun-26,10525,7,12.46187115,Put
12-Jun-26,10425,35,13.20202255,Call
12-Jun-26,10425,35,11.63614464,Put
12-Jun-26,10450,35,13.0331974,Call
12-Jun-26,10450,35,11.48763657,Put
12-Jun-26,10475,35,12.9175806,Call
12-Jun-26,10475,35,11.36701965,Put
12-Jun-26,10500,35,12.75721741,Call
12-Jun-26,10500,35,11.17574215,Put
12-Jun-26,10525,35,12.58929062,Call
12-Jun-26,10525,35,11.03014851,Put
12-Jun-26,10425,70,12.21582413,Call
12-Jun-26,10425,70,12.74187183,Put
12-Jun-26,10450,70,12.09987259,Call
12-Jun-26,10450,70,12.62015247,Put
12-Jun-26,10475,70,12.0687151,Call
12-Jun-26,10475,70,12.53089809,Put
12-Jun-26,10500,70,12.00299263,Call
12-Jun-26,10500,70,12.44694805,Put
12-Jun-26,10525,70,11.89857197,Call
12-Jun-26,10525,70,12.36657143,Put
12-Jun-26,10425,98,12.47521114,Call
12-Jun-26,10425,98,13.02105522,Put
12-Jun-26,10450,98,12.4402132,Call
12-Jun-26,10450,98,13.0077343,Put
12-Jun-26,10475,98,12.31913948,Call
12-Jun-26,10475,98,12.90876293,Put
12-Jun-26,10500,98,12.2395277,Call
12-Jun-26,10500,98,12.84054184,Put
12-Jun-26,10525,98,12.15716743,Call
12-Jun-26,10525,98,12.7563982,Put
12-Jun-26,10425,126,12.56230354,Call
12-Jun-26,10425,126,13.45441151,Put
12-Jun-26,10450,126,12.49366474,Call
12-Jun-26,10450,126,13.37527752,Put
12-Jun-26,10475,126,12.42280483,Call
12-Jun-26,10475,126,13.305089,Put
12-Jun-26,10500,126,12.37023449,Call
12-Jun-26,10500,126,13.24360085,Put
12-Jun-26,10525,126,12.29578972,Call
12-Jun-26,10525,126,13.17022991,Put
12-Jun-26,10425,161,12.79693604,Call
12-Jun-26,10425,161,13.70666981,Put
12-Jun-26,10450,161,12.72758961,Call
12-Jun-26,10450,161,13.6471014,Put
12-Jun-26,10475,161,12.66434288,Call
12-Jun-26,10475,161,13.57656384,Put
12-Jun-26,10500,161,12.61882305,Call
12-Jun-26,10500,161,13.51725006,Put
12-Jun-26,10525,161,12.55461979,Call
12-Jun-26,10525,161,13.56832027,Put
12-Jun-26,10425,189,13.032794,Call
12-Jun-26,10425,189,13.65934658,Put
12-Jun-26,10450,189,12.9830513,Call
12-Jun-26,10450,189,13.44847202,Put
12-Jun-26,10475,189,12.9357233,Call
12-Jun-26,10475,189,13.53235054,Put
12-Jun-26,10500,189,12.84346008,Call
12-Jun-26,10500,189,13.46595001,Put
12-Jun-26,10525,189,12.79712963,Call
12-Jun-26,10525,189,13.39928436,Put
12-Jun-26,10425,217,12.87094116,Call
12-Jun-26,10425,217,13.80855751,Put
12-Jun-26,10450,217,12.81054115,Call
12-Jun-26,10450,217,13.73655319,Put
12-Jun-26,10475,217,12.75296688,Call
12-Jun-26,10475,217,13.67889881,Put
12-Jun-26,10500,217,12.70591068,Call
12-Jun-26,10500,217,13.61389828,Put
12-Jun-26,10525,217,12.65030384,Call
12-Jun-26,10525,217,13.55973721,Put
12-Jun-26,10425,252,13.21080017,Call
12-Jun-26,10425,252,13.89196491,Put
12-Jun-26,10450,252,13.15301609,Call
12-Jun-26,10450,252,13.83201027,Put
12-Jun-26,10475,252,13.09988594,Call
12-Jun-26,10475,252,13.76881218,Put
12-Jun-26,10500,252,13.03808594,Call
12-Jun-26,10500,252,13.71243763,Put
12-Jun-26,10525,252,12.9880743,Call
12-Jun-26,10525,252,13.65051365,Put
12-Jun-26,10425,280,13.31954956,Call
12-Jun-26,10425,280,13.86122227,Put
12-Jun-26,10450,280,13.26521873,Call
12-Jun-26,10450,280,13.80818272,Put
12-Jun-26,10475,280,13.21402454,Call
12-Jun-26,10475,280,13.74893093,Put
12-Jun-26,10500,280,13.14821339,Call
12-Jun-26,10500,280,13.69092655,Put
12-Jun-26,10525,280,13.10622883,Call
12-Jun-26,10525,280,13.64105701,Put
12-Jun-26,10425,308,13.6409893,Call
12-Jun-26,10425,308,13.90157127,Put
12-Jun-26,10450,308,13.68624496,Call
12-Jun-26,10450,308,13.85617065,Put
12-Jun-26,10475,308,10.75493622,Call
12-Jun-26,10475,308,13.80617237,Put
12-Jun-26,10500,308,13.48995113,Call
12-Jun-26,10500,308,13.75820923,Put
12-Jun-26,10525,308,13.52728081,Call
12-Jun-26,10525,308,13.70563793,Put
12-Jun-26,10425,343,13.6325407,Call
12-Jun-26,10425,343,13.92325592,Put
12-Jun-26,10450,343,13.57727242,Call
12-Jun-26,10450,343,13.86659527,Put
12-Jun-26,10475,343,13.5242033,Call
12-Jun-26,10475,343,13.81849766,Put
12-Jun-26,10500,343,13.46699142,Call
12-Jun-26,10500,343,13.75997353,Put
12-Jun-26,10525,343,16.34235573,Call
12-Jun-26,10525,343,13.70994568,Put
12-Jun-26,10425,371,14.57862663,Call
12-Jun-26,10425,371,14.15555763,Put
12-Jun-26,10450,371,14.53215599,Call
12-Jun-26,10450,371,13.33033371,Put
12-Jun-26,10475,371,13.65395641,Call
12-Jun-26,10475,371,13.30265808,Put
12-Jun-26,10500,371,14.42910385,Call
12-Jun-26,10500,371,13.25278473,Put
12-Jun-26,10525,371,14.37758255,Call
12-Jun-26,10525,371,13.22939205,Put
11-Jun-26,10250,8,16.6157074,Call
11-Jun-26,10250,8,14.27094841,Put
11-Jun-26,10275,8,16.25654411,Call
11-Jun-26,10275,8,13.92747021,Put
11-Jun-26,10300,8,15.90922928,Call
11-Jun-26,10300,8,13.53117085,Put
11-Jun-26,10325,8,15.60249233,Call
11-Jun-26,10325,8,13.27227592,Put
11-Jun-26,10350,8,15.20251369,Call
11-Jun-26,10350,8,13.22304916,Put
11-Jun-26,10250,36,14.19677258,Call
11-Jun-26,10250,36,13.64239407,Put
11-Jun-26,10275,36,14.03612232,Call
11-Jun-26,10275,36,13.37868118,Put
11-Jun-26,10300,36,13.91359806,Call
11-Jun-26,10300,36,13.32662392,Put
11-Jun-26,10325,36,13.86562061,Call
11-Jun-26,10325,36,13.11681461,Put
11-Jun-26,10350,36,13.73784256,Call
11-Jun-26,10350,36,12.84520531,Put
11-Jun-26,10250,71,13.62335587,Call
11-Jun-26,10250,71,13.59161377,Put
11-Jun-26,10275,71,13.52318954,Call
11-Jun-26,10275,71,13.50271893,Put
11-Jun-26,10300,71,13.42944813,Call
11-Jun-26,10300,71,13.43382645,Put
11-Jun-26,10325,71,13.32801819,Call
11-Jun-26,10325,71,13.32976437,Put
11-Jun-26,10350,71,13.21856594,Call
11-Jun-26,10350,71,13.21769047,Put
11-Jun-26,10250,99,13.57613182,Call
11-Jun-26,10250,99,13.96731758,Put
11-Jun-26,10275,99,13.60262966,Call
11-Jun-26,10275,99,13.87575531,Put
11-Jun-26,10300,99,13.60136414,Call
11-Jun-26,10300,99,13.78113174,Put
11-Jun-26,10325,99,13.44410324,Call
11-Jun-26,10325,99,13.72999001,Put
11-Jun-26,10350,99,13.40008163,Call
11-Jun-26,10350,99,13.58187389,Put
11-Jun-26,10250,127,13.30293274,Call
11-Jun-26,10250,127,13.77770519,Put
11-Jun-26,10275,127,13.23270226,Call
11-Jun-26,10275,127,13.60941124,Put
11-Jun-26,10300,127,13.15418148,Call
11-Jun-26,10300,127,13.53653049,Put
11-Jun-26,10325,127,13.07759476,Call
11-Jun-26,10325,127,13.46994114,Put
11-Jun-26,10350,127,12.98531151,Call
11-Jun-26,10350,127,13.47390461,Put
11-Jun-26,10250,162,13.13941669,Call
11-Jun-26,10250,162,13.77363873,Put
11-Jun-26,10275,162,13.07350254,Call
11-Jun-26,10275,162,13.70709801,Put
11-Jun-26,10300,162,13.00960064,Call
11-Jun-26,10300,162,13.64474964,Put
11-Jun-26,10325,162,12.94334126,Call
11-Jun-26,10325,162,13.47951221,Put
11-Jun-26,10350,162,12.87320423,Call
11-Jun-26,10350,162,13.50691223,Put
11-Jun-26,10250,190,13.99963188,Call
11-Jun-26,10250,190,14.3052845,Put
11-Jun-26,10275,190,13.92761803,Call
11-Jun-26,10275,190,14.24927998,Put
11-Jun-26,10300,190,13.85314083,Call
11-Jun-26,10300,190,14.16148472,Put
11-Jun-26,10325,190,13.7542057,Call
11-Jun-26,10325,190,14.08720303,Put
11-Jun-26,10350,190,13.68158531,Call
11-Jun-26,10350,190,14.00545979,Put
11-Jun-26,10250,218,13.55781651,Call
11-Jun-26,10250,218,13.76731586,Put
11-Jun-26,10275,218,13.48629475,Call
11-Jun-26,10275,218,13.69080353,Put
11-Jun-26,10300,218,13.41148281,Call
11-Jun-26,10300,218,13.62079048,Put
11-Jun-26,10325,218,13.34147739,Call
11-Jun-26,10325,218,13.53626823,Put
11-Jun-26,10350,218,13.27096939,Call
11-Jun-26,10350,218,13.46893692,Put
11-Jun-26,10250,253,13.43141365,Call
11-Jun-26,10250,253,13.74401474,Put
11-Jun-26,10275,253,13.35706902,Call
11-Jun-26,10275,253,13.67276764,Put
11-Jun-26,10300,253,13.2747097,Call
11-Jun-26,10300,253,13.58346272,Put
11-Jun-26,10325,253,13.19415188,Call
11-Jun-26,10325,253,13.50039768,Put
11-Jun-26,10350,253,13.11531067,Call
11-Jun-26,10350,253,13.42050362,Put
11-Jun-26,10250,281,14.04112625,Call
11-Jun-26,10250,281,14.40887451,Put
11-Jun-26,10275,281,13.94441891,Call
11-Jun-26,10275,281,14.35461998,Put
11-Jun-26,10300,281,13.90832901,Call
11-Jun-26,10300,281,14.29585743,Put
11-Jun-26,10325,281,13.81578445,Call
11-Jun-26,10325,281,14.21996975,Put
11-Jun-26,10350,281,13.79548264,Call
11-Jun-26,10350,281,14.17153168,Put
11-Jun-26,10250,309,14.13759518,Call
11-Jun-26,10250,309,14.52633762,Put
11-Jun-26,10275,309,14.10258007,Call
11-Jun-26,10275,309,14.48593903,Put
11-Jun-26,10300,309,14.05778503,Call
11-Jun-26,10300,309,14.44231319,Put
11-Jun-26,10325,309,14.01335239,Call
11-Jun-26,10325,309,14.38899803,Put
11-Jun-26,10350,309,13.96423626,Call
11-Jun-26,10350,309,14.34285069,Put
11-Jun-26,10250,344,14.04696369,Call
11-Jun-26,10250,344,14.50743866,Put
11-Jun-26,10275,344,13.99759102,Call
11-Jun-26,10275,344,14.44309998,Put
11-Jun-26,10300,344,13.96466541,Call
11-Jun-26,10300,344,14.38842487,Put
11-Jun-26,10325,344,13.87484932,Call
11-Jun-26,10325,344,14.32457542,Put
11-Jun-26,10350,344,13.81937599,Call
11-Jun-26,10350,344,14.26807976,Put
11-Jun-26,10250,372,14.14483166,Call
11-Jun-26,10250,372,14.62122154,Put
11-Jun-26,10275,372,14.10885811,Call
11-Jun-26,10275,372,14.54711151,Put
11-Jun-26,10300,372,14.00193977,Call
11-Jun-26,10300,372,14.48347473,Put
11-Jun-26,10325,372,13.93358231,Call
11-Jun-26,10325,372,14.41103363,Put
11-Jun-26,10350,372,13.87378883,Call
11-Jun-26,10350,372,14.34609127,Put
10-Jun-26,10200,9,14.73317528,Call
10-Jun-26,10200,9,14.96099091,Put
10-Jun-26,10225,9,14.53935051,Call
10-Jun-26,10225,9,14.72738075,Put
10-Jun-26,10250,9,14.42415619,Call
10-Jun-26,10250,9,14.49931717,Put
10-Jun-26,10275,9,14.18941212,Call
10-Jun-26,10275,9,14.2681694,Put
10-Jun-26,10300,9,13.98195934,Call
10-Jun-26,10300,9,14.10360718,Put
10-Jun-26,10200,37,13.64981556,Call
10-Jun-26,10200,37,13.96494198,Put
10-Jun-26,10225,37,13.59064674,Call
10-Jun-26,10225,37,13.79609299,Put
10-Jun-26,10250,37,13.4720068,Call
10-Jun-26,10250,37,13.70292664,Put
10-Jun-26,10275,37,13.29409122,Call
10-Jun-26,10275,37,13.58855629,Put
10-Jun-26,10300,37,13.13159084,Call
10-Jun-26,10300,37,13.47117043,Put
10-Jun-26,10200,72,13.18906975,Call
10-Jun-26,10200,72,13.87499332,Put
10-Jun-26,10225,72,13.1039114,Call
10-Jun-26,10225,72,13.78400803,Put
10-Jun-26,10250,72,13.02455044,Call
10-Jun-26,10250,72,13.71338558,Put
10-Jun-26,10275,72,12.97778225,Call
10-Jun-26,10275,72,13.62184429,Put
10-Jun-26,10300,72,12.90883732,Call
10-Jun-26,10300,72,13.5499897,Put
10-Jun-26,10200,100,13.60956287,Call
10-Jun-26,10200,100,14.19189358,Put
10-Jun-26,10225,100,13.48193073,Call
10-Jun-26,10225,100,14.08678532,Put
10-Jun-26,10250,100,13.42145729,Call
10-Jun-26,10250,100,14.01398659,Put
10-Jun-26,10275,100,13.33388329,Call
10-Jun-26,10275,100,13.92633533,Put
10-Jun-26,10300,100,13.24249363,Call
10-Jun-26,10300,100,13.84703445,Put
10-Jun-26,10200,128,13.02040195,Call
10-Jun-26,10200,128,13.74520016,Put
10-Jun-26,10225,128,12.94385433,Call
10-Jun-26,10225,128,13.65952015,Put
10-Jun-26,10250,128,12.86563206,Call
10-Jun-26,10250,128,13.57269192,Put
10-Jun-26,10275,128,12.78556538,Call
10-Jun-26,10275,128,13.49488735,Put
10-Jun-26,10300,128,12.70348072,Call
10-Jun-26,10300,128,13.40526676,Put
10-Jun-26,10200,163,14.05769062,Call
10-Jun-26,10200,163,14.91596127,Put
10-Jun-26,10225,163,14.0586195,Call
10-Jun-26,10225,163,14.93101311,Put
10-Jun-26,10250,163,14.07031822,Call
10-Jun-26,10250,163,14.92140675,Put
10-Jun-26,10275,163,14.05747604,Call
10-Jun-26,10275,163,14.91483593,Put
10-Jun-26,10300,163,14.05043602,Call
10-Jun-26,10300,163,14.89235592,Put
10-Jun-26,10200,191,13.97927761,Call
10-Jun-26,10200,191,14.55414581,Put
10-Jun-26,10225,191,13.89604282,Call
10-Jun-26,10225,191,14.50109482,Put
10-Jun-26,10250,191,13.82277489,Call
10-Jun-26,10250,191,14.41185665,Put
10-Jun-26,10275,191,13.74846745,Call
10-Jun-26,10275,191,14.35537243,Put
10-Jun-26,10300,191,13.70037365,Call
10-Jun-26,10300,191,14.2817564,Put
10-Jun-26,10200,219,13.62014198,Call
10-Jun-26,10200,219,14.1111784,Put
10-Jun-26,10225,219,13.47559547,Call
10-Jun-26,10225,219,13.97376347,Put
10-Jun-26,10250,219,13.3556757,Call
10-Jun-26,10250,219,13.83251858,Put
10-Jun-26,10275,219,13.23395061,Call
10-Jun-26,10275,219,13.71579742,Put
10-Jun-26,10300,219,13.10752201,Call
10-Jun-26,10300,219,13.6077261,Put
10-Jun-26,10200,254,13.39023399,Call
10-Jun-26,10200,254,14.03599167,Put
10-Jun-26,10225,254,13.32812119,Call
10-Jun-26,10225,254,13.96276951,Put
10-Jun-26,10250,254,13.26620102,Call
10-Jun-26,10250,254,13.89955425,Put
10-Jun-26,10275,254,13.20150566,Call
10-Jun-26,10275,254,13.82563686,Put
10-Jun-26,10300,254,13.13691044,Call
10-Jun-26,10300,254,13.75854111,Put
10-Jun-26,10200,282,13.91255856,Call
10-Jun-26,10200,282,14.58610725,Put
10-Jun-26,10225,282,13.87287331,Call
10-Jun-26,10225,282,14.5228529,Put
10-Jun-26,10250,282,13.81581593,Call
10-Jun-26,10250,282,14.47081566,Put
10-Jun-26,10275,282,13.76570415,Call
10-Jun-26,10275,282,14.41575432,Put
10-Jun-26,10300,282,13.71743011,Call
10-Jun-26,10300,282,14.36066532,Put
10-Jun-26,10200,310,13.86897373,Call
10-Jun-26,10200,310,14.57598972,Put
10-Jun-26,10225,310,13.82102871,Call
10-Jun-26,10225,310,14.51488972,Put
10-Jun-26,10250,310,13.7565279,Call
10-Jun-26,10250,310,14.46443272,Put
10-Jun-26,10275,310,13.69917202,Call
10-Jun-26,10275,310,14.39753628,Put
10-Jun-26,10300,310,13.65058899,Call
10-Jun-26,10300,310,14.33786297,Put
10-Jun-26,10200,345,14.23447037,Call
10-Jun-26,10200,345,14.96251392,Put
10-Jun-26,10225,345,14.21682358,Call
10-Jun-26,10225,345,14.91501141,Put
10-Jun-26,10250,345,14.12530994,Call
10-Jun-26,10250,345,14.85926437,Put
10-Jun-26,10275,345,14.07343006,Call
10-Jun-26,10275,345,14.80729771,Put
10-Jun-26,10300,345,14.02377605,Call
10-Jun-26,10300,345,14.75626183,Put
10-Jun-26,10200,373,13.9478178,Call
10-Jun-26,10200,373,14.76603413,Put
10-Jun-26,10225,373,13.8999939,Call
10-Jun-26,10225,373,14.70996571,Put
10-Jun-26,10250,373,13.84321117,Call
10-Jun-26,10250,373,14.65214539,Put
10-Jun-26,10275,373,13.79381275,Call
10-Jun-26,10275,373,14.59190083,Put
10-Jun-26,10300,373,13.74670029,Call
10-Jun-26,10300,373,14.53911781,Put
09-Jun-26,10175,10,13.88909721,Call
09-Jun-26,10175,10,13.60125542,Put
09-Jun-26,10200,10,13.80929089,Call
09-Jun-26,10200,10,13.42344284,Put
09-Jun-26,10225,10,13.58741951,Call
09-Jun-26,10225,10,13.20921135,Put
09-Jun-26,10250,10,13.64661407,Call
09-Jun-26,10250,10,13.1652689,Put
09-Jun-26,10275,10,13.19885921,Call
09-Jun-26,10275,10,12.93139648,Put
09-Jun-26,10175,38,13.25853157,Call
09-Jun-26,10175,38,13.49194717,Put
09-Jun-26,10200,38,13.19367313,Call
09-Jun-26,10200,38,13.2450037,Put
09-Jun-26,10225,38,12.99520874,Call
09-Jun-26,10225,38,13.12886333,Put
09-Jun-26,10250,38,12.88715267,Call
09-Jun-26,10250,38,13.0282402,Put
09-Jun-26,10275,38,12.83026505,Call
09-Jun-26,10275,38,12.96061897,Put
09-Jun-26,10175,73,13.14560509,Call
09-Jun-26,10175,73,13.61776638,Put
09-Jun-26,10200,73,12.97384548,Call
09-Jun-26,10200,73,13.52298737,Put
09-Jun-26,10225,73,12.97092152,Call
09-Jun-26,10225,73,13.33991432,Put
09-Jun-26,10250,73,12.86485195,Call
09-Jun-26,10250,73,13.37946415,Put
09-Jun-26,10275,73,12.72332096,Call
09-Jun-26,10275,73,13.26245403,Put
09-Jun-26,10175,101,13.48536015,Call
09-Jun-26,10175,101,13.88027859,Put
09-Jun-26,10200,101,13.38844967,Call
09-Jun-26,10200,101,13.84174347,Put
09-Jun-26,10225,101,13.32310009,Call
09-Jun-26,10225,101,13.72992325,Put
09-Jun-26,10250,101,13.2423439,Call
09-Jun-26,10250,101,13.63817024,Put
09-Jun-26,10275,101,13.14609241,Call
09-Jun-26,10275,101,13.60088348,Put
09-Jun-26,10175,129,13.6822319,Call
09-Jun-26,10175,129,14.11937523,Put
09-Jun-26,10200,129,13.58805561,Call
09-Jun-26,10200,129,14.0074892,Put
09-Jun-26,10225,129,13.4927454,Call
09-Jun-26,10225,129,13.8741684,Put
09-Jun-26,10250,129,13.38583374,Call
09-Jun-26,10250,129,13.78117847,Put
09-Jun-26,10275,129,13.34939384,Call
09-Jun-26,10275,129,13.69720554,Put
09-Jun-26,10175,164,13.90153217,Call
09-Jun-26,10175,164,14.278862,Put
09-Jun-26,10200,164,13.84318638,Call
09-Jun-26,10200,164,14.18510914,Put
09-Jun-26,10225,164,13.76659393,Call
09-Jun-26,10225,164,14.1336174,Put
09-Jun-26,10250,164,13.69015694,Call
09-Jun-26,10250,164,14.06395817,Put
09-Jun-26,10275,164,13.61377621,Call
09-Jun-26,10275,164,13.99243355,Put
09-Jun-26,10175,192,13.82901001,Call
09-Jun-26,10175,192,14.32009697,Put
09-Jun-26,10200,192,13.81381321,Call
09-Jun-26,10200,192,14.2414093,Put
09-Jun-26,10225,192,13.74461651,Call
09-Jun-26,10225,192,14.17575169,Put
09-Jun-26,10250,192,13.66776371,Call
09-Jun-26,10250,192,14.09909916,Put
09-Jun-26,10275,192,13.55785656,Call
09-Jun-26,10275,192,14.04029846,Put
09-Jun-26,10175,220,14.26419544,Call
09-Jun-26,10175,220,14.17599869,Put
09-Jun-26,10200,220,14.26360321,Call
09-Jun-26,10200,220,14.10718346,Put
09-Jun-26,10225,220,14.27245998,Call
09-Jun-26,10225,220,14.04458237,Put
09-Jun-26,10250,220,14.25341511,Call
09-Jun-26,10250,220,13.97952461,Put
09-Jun-26,10275,220,14.24849224,Call
09-Jun-26,10275,220,13.90786934,Put
09-Jun-26,10175,255,13.84268379,Call
09-Jun-26,10175,255,14.23220158,Put
09-Jun-26,10200,255,13.71541119,Call
09-Jun-26,10200,255,14.1630125,Put
09-Jun-26,10225,255,13.59573269,Call
09-Jun-26,10225,255,14.09691906,Put
09-Jun-26,10250,255,13.48163128,Call
09-Jun-26,10250,255,14.0349865,Put
09-Jun-26,10275,255,13.36946678,Call
09-Jun-26,10275,255,13.97243404,Put
09-Jun-26,10175,283,14.15396595,Call
09-Jun-26,10175,283,14.47535419,Put
09-Jun-26,10200,283,14.09013462,Call
09-Jun-26,10200,283,14.41141987,Put
09-Jun-26,10225,283,14.03032589,Call
09-Jun-26,10225,283,14.36465931,Put
09-Jun-26,10250,283,13.73034382,Call
09-Jun-26,10250,283,14.30135727,Put
09-Jun-26,10275,283,13.67999363,Call
09-Jun-26,10275,283,14.25070095,Put
09-Jun-26,10175,311,13.93033504,Call
09-Jun-26,10175,311,14.49255466,Put
09-Jun-26,10200,311,13.85591125,Call
09-Jun-26,10200,311,14.43926334,Put
09-Jun-26,10225,311,13.77863789,Call
09-Jun-26,10225,311,14.38303471,Put
09-Jun-26,10250,311,13.71534348,Call
09-Jun-26,10250,311,14.3306551,Put
09-Jun-26,10275,311,13.66086483,Call
09-Jun-26,10275,311,14.28542519,Put
09-Jun-26,10200,346,13.86672878,Call
09-Jun-26,10200,346,14.56938553,Put
09-Jun-26,10225,346,13.77079105,Call
09-Jun-26,10225,346,14.52201366,Put
09-Jun-26,10250,346,13.72738266,Call
09-Jun-26,10250,346,14.46541595,Put
09-Jun-26,10275,346,13.73748016,Call
09-Jun-26,10275,346,14.41615582,Put
09-Jun-26,10300,346,13.68539238,Call
09-Jun-26,10300,346,14.37555218,Put
09-Jun-26,10200,374,14.20336819,Call
09-Jun-26,10200,374,14.71698189,Put
09-Jun-26,10225,374,14.16368771,Call
09-Jun-26,10225,374,14.67091084,Put
09-Jun-26,10250,374,14.01950455,Call
09-Jun-26,10250,374,14.62215042,Put
09-Jun-26,10275,374,13.97724438,Call
09-Jun-26,10275,374,14.57459736,Put
09-Jun-26,10300,374,13.93105698,Call
09-Jun-26,10300,374,14.52939224,Put
08-Jun-26,10325,11,12.90848541,Call
08-Jun-26,10325,11,12.60765457,Put
08-Jun-26,10350,11,12.62894058,Call
08-Jun-26,10350,11,12.47082615,Put
08-Jun-26,10375,11,12.5157547,Call
08-Jun-26,10375,11,12.33240891,Put
08-Jun-26,10400,11,12.33464527,Call
08-Jun-26,10400,11,12.15294552,Put
08-Jun-26,10425,11,12.14628696,Call
08-Jun-26,10425,11,11.9661293,Put
08-Jun-26,10325,39,12.6913929,Call
08-Jun-26,10325,39,12.71440506,Put
08-Jun-26,10350,39,12.58883095,Call
08-Jun-26,10350,39,12.61970139,Put
08-Jun-26,10375,39,12.48352718,Call
08-Jun-26,10375,39,12.52221203,Put
08-Jun-26,10400,39,12.37421703,Call
08-Jun-26,10400,39,12.40274906,Put
08-Jun-26,10425,39,12.25950146,Call
08-Jun-26,10425,39,12.31397343,Put
08-Jun-26,10325,74,12.63313293,Call
08-Jun-26,10325,74,13.05984211,Put
08-Jun-26,10350,74,12.53096485,Call
08-Jun-26,10350,74,12.96679688,Put
08-Jun-26,10375,74,12.44612312,Call
08-Jun-26,10375,74,12.86658096,Put
08-Jun-26,10400,74,12.3831768,Call
08-Jun-26,10400,74,12.75884628,Put
08-Jun-26,10425,74,12.28367233,Call
08-Jun-26,10425,74,12.72234344,Put
08-Jun-26,10325,102,12.93394089,Call
08-Jun-26,10325,102,13.39432716,Put
08-Jun-26,10350,102,12.87471676,Call
08-Jun-26,10350,102,13.311903,Put
08-Jun-26,10375,102,12.81173706,Call
08-Jun-26,10375,102,13.23772144,Put
08-Jun-26,10400,102,12.72211838,Call
08-Jun-26,10400,102,13.16012573,Put
08-Jun-26,10425,102,12.65119743,Call
08-Jun-26,10425,102,13.07894325,Put
08-Jun-26,10325,130,12.98078346,Call
08-Jun-26,10325,130,13.69370079,Put
08-Jun-26,10350,130,12.96164322,Call
08-Jun-26,10350,130,13.51362991,Put
08-Jun-26,10375,130,12.87980938,Call
08-Jun-26,10375,130,13.41428757,Put
08-Jun-26,10400,130,12.69547749,Call
08-Jun-26,10400,130,13.32397175,Put
08-Jun-26,10425,130,12.58044243,Call
08-Jun-26,10425,130,13.20214939,Put
08-Jun-26,10325,165,13.20855427,Call
08-Jun-26,10325,165,13.8149662,Put
08-Jun-26,10350,165,13.08938503,Call
08-Jun-26,10350,165,13.69231796,Put
08-Jun-26,10375,165,12.97066116,Call
08-Jun-26,10375,165,13.57936382,Put
08-Jun-26,10400,165,12.84320164,Call
08-Jun-26,10400,165,13.48486233,Put
08-Jun-26,10425,165,12.80556393,Call
08-Jun-26,10425,165,13.37265015,Put
08-Jun-26,10325,193,13.52494812,Call
08-Jun-26,10325,193,13.94086838,Put
08-Jun-26,10350,193,13.45438004,Call
08-Jun-26,10350,193,13.8493576,Put
08-Jun-26,10375,193,13.38844681,Call
08-Jun-26,10375,193,13.7996521,Put
08-Jun-26,10400,193,13.32146263,Call
08-Jun-26,10400,193,13.74137878,Put
08-Jun-26,10425,193,13.24689007,Call
08-Jun-26,10425,193,13.67562008,Put
08-Jun-26,10325,221,13.5363884,Call
08-Jun-26,10325,221,13.80802345,Put
08-Jun-26,10350,221,13.56160164,Call
08-Jun-26,10350,221,13.82337284,Put
08-Jun-26,10375,221,13.57186413,Call
08-Jun-26,10375,221,13.8368206,Put
08-Jun-26,10400,221,13.58129025,Call
08-Jun-26,10400,221,13.83470058,Put
08-Jun-26,10425,221,13.58718681,Call
08-Jun-26,10425,221,13.83534813,Put
08-Jun-26,10325,256,14.28400898,Call
08-Jun-26,10325,256,14.64583015,Put
08-Jun-26,10350,256,14.23772717,Call
08-Jun-26,10350,256,14.60373211,Put
08-Jun-26,10375,256,14.2019558,Call
08-Jun-26,10375,256,14.57354355,Put
08-Jun-26,10400,256,14.17168522,Call
08-Jun-26,10400,256,14.53808308,Put
08-Jun-26,10425,256,14.13929844,Call
08-Jun-26,10425,256,14.50660324,Put
08-Jun-26,10325,284,13.57463455,Call
08-Jun-26,10325,284,14.17413235,Put
08-Jun-26,10350,284,13.52177525,Call
08-Jun-26,10350,284,14.11312485,Put
08-Jun-26,10375,284,13.46125698,Call
08-Jun-26,10375,284,14.05607224,Put
08-Jun-26,10400,284,13.41784573,Call
08-Jun-26,10400,284,13.94282341,Put
08-Jun-26,10425,284,13.35541344,Call
08-Jun-26,10425,284,13.95728111,Put
08-Jun-26,10325,312,13.61325645,Call
08-Jun-26,10325,312,14.15076733,Put
08-Jun-26,10350,312,13.53349495,Call
08-Jun-26,10350,312,14.07868862,Put
08-Jun-26,10375,312,13.46100044,Call
08-Jun-26,10375,312,14.00379944,Put
08-Jun-26,10400,312,13.3906517,Call
08-Jun-26,10400,312,13.92952538,Put
08-Jun-26,10425,312,13.32239246,Call
08-Jun-26,10425,312,13.86408043,Put
08-Jun-26,10325,347,13.59512329,Call
08-Jun-26,10325,347,14.20941162,Put
08-Jun-26,10350,347,13.5463295,Call
08-Jun-26,10350,347,14.15929413,Put
08-Jun-26,10375,347,13.49338818,Call
08-Jun-26,10375,347,14.10005188,Put
08-Jun-26,10400,347,13.44264698,Call
08-Jun-26,10400,347,14.0544939,Put
08-Jun-26,10425,347,13.39406586,Call
08-Jun-26,10425,347,13.99851227,Put
08-Jun-26,10325,375,13.54365921,Call
08-Jun-26,10325,375,14.20416164,Put
08-Jun-26,10350,375,13.49650097,Call
08-Jun-26,10350,375,14.1576519,Put
08-Jun-26,10375,375,13.43937492,Call
08-Jun-26,10375,375,14.09618378,Put
08-Jun-26,10400,375,13.3906908,Call
08-Jun-26,10400,375,14.04828835,Put
08-Jun-26,10425,375,13.34426117,Call
08-Jun-26,10425,375,13.99051762,Put
