Date,Strike,Maturity,ImpliedVol,Type
12-June-2026,10425,7,12.7878446578979,Call
12-June-2026,10425,7,12.8868560791016,Put
12-June-2026,10450,7,12.8519849777222,Call
12-June-2026,10450,7,12.8153886795044,Put
12-June-2026,10475,7,12.6684045791626,Call
12-June-2026,10475,7,12.7250185012817,Put
12-June-2026,10500,7,12.6389808654785,Call
12-June-2026,10500,7,12.6092805862427,Put
12-June-2026,10525,7,12.5813016891479,Call
12-June-2026,10525,7,12.4618711471558,Put
12-June-2026,10425,35,13.2020225524902,Call
12-June-2026,10425,35,11.6361446380615,Put
12-June-2026,10450,35,13.0331974029541,Call
12-June-2026,10450,35,11.4876365661621,Put
12-June-2026,10475,35,12.9175806045532,Call
12-June-2026,10475,35,11.3670196533203,Put
12-June-2026,10500,35,12.7572174072266,Call
12-June-2026,10500,35,11.175742149353,Put
12-June-2026,10525,35,12.5892906188965,Call
12-June-2026,10525,35,11.0301485061646,Put
12-June-2026,10425,70,12.2158241271973,Call
12-June-2026,10425,70,12.7418718338013,Put
12-June-2026,10450,70,12.0998725891113,Call
12-June-2026,10450,70,12.6201524734497,Put
12-June-2026,10475,70,12.06871509552,Call
12-June-2026,10475,70,12.5308980941772,Put
12-June-2026,10500,70,12.0029926300049,Call
12-June-2026,10500,70,12.4469480514526,Put
12-June-2026,10525,70,11.8985719680786,Call
12-June-2026,10525,70,12.3665714263916,Put
12-June-2026,10425,98,12.4752111434937,Call
12-June-2026,10425,98,13.0210552215576,Put
12-June-2026,10450,98,12.4402132034302,Call
12-June-2026,10450,98,13.007734298706,Put
12-June-2026,10475,98,12.3191394805908,Call
12-June-2026,10475,98,12.9087629318237,Put
12-June-2026,10500,98,12.2395277023315,Call
12-June-2026,10500,98,12.8405418395996,Put
12-June-2026,10525,98,12.1571674346924,Call
12-June-2026,10525,98,12.7563982009888,Put
12-June-2026,10425,126,12.5623035430908,Call
12-June-2026,10425,126,13.4544115066528,Put
12-June-2026,10450,126,12.4936647415161,Call
12-June-2026,10450,126,13.3752775192261,Put
12-June-2026,10475,126,12.4228048324585,Call
12-June-2026,10475,126,13.3050889968872,Put
12-June-2026,10500,126,12.3702344894409,Call
12-June-2026,10500,126,13.2436008453369,Put
12-June-2026,10525,126,12.2957897186279,Call
12-June-2026,10525,126,13.1702299118042,Put
12-June-2026,10425,161,12.7969360351562,Call
12-June-2026,10425,161,13.7066698074341,Put
12-June-2026,10450,161,12.7275896072388,Call
12-June-2026,10450,161,13.6471014022827,Put
12-June-2026,10475,161,12.664342880249,Call
12-June-2026,10475,161,13.576563835144,Put
12-June-2026,10500,161,12.6188230514526,Call
12-June-2026,10500,161,13.5172500610352,Put
12-June-2026,10525,161,12.5546197891235,Call
12-June-2026,10525,161,13.568320274353,Put
12-June-2026,10425,189,13.0327939987183,Call
12-June-2026,10425,189,13.6593465805054,Put
12-June-2026,10450,189,12.9830513000488,Call
12-June-2026,10450,189,13.4484720230103,Put
12-June-2026,10475,189,12.9357233047485,Call
12-June-2026,10475,189,13.5323505401611,Put
12-June-2026,10500,189,12.8434600830078,Call
12-June-2026,10500,189,13.465950012207,Put
12-June-2026,10525,189,12.7971296310425,Call
12-June-2026,10525,189,13.399284362793,Put
12-June-2026,10425,217,12.8709411621094,Call
12-June-2026,10425,217,13.808557510376,Put
12-June-2026,10450,217,12.8105411529541,Call
12-June-2026,10450,217,13.7365531921387,Put
12-June-2026,10475,217,12.7529668807983,Call
12-June-2026,10475,217,13.6788988113403,Put
12-June-2026,10500,217,12.7059106826782,Call
12-June-2026,10500,217,13.6138982772827,Put
12-June-2026,10525,217,12.6503038406372,Call
12-June-2026,10525,217,13.5597372055054,Put
12-June-2026,10425,252,13.2108001708984,Call
12-June-2026,10425,252,13.8919649124146,Put
12-June-2026,10450,252,13.1530160903931,Call
12-June-2026,10450,252,13.832010269165,Put
12-June-2026,10475,252,13.0998859405518,Call
12-June-2026,10475,252,13.7688121795654,Put
12-June-2026,10500,252,13.0380859375,Call
12-June-2026,10500,252,13.7124376296997,Put
12-June-2026,10525,252,12.9880743026733,Call
12-June-2026,10525,252,13.6505136489868,Put
12-June-2026,10425,280,13.3195495605469,Call
12-June-2026,10425,280,13.8612222671509,Put
12-June-2026,10450,280,13.2652187347412,Call
12-June-2026,10450,280,13.8081827163696,Put
12-June-2026,10475,280,13.2140245437622,Call
12-June-2026,10475,280,13.7489309310913,Put
12-June-2026,10500,280,13.1482133865356,Call
12-June-2026,10500,280,13.6909265518188,Put
12-June-2026,10525,280,13.1062288284302,Call
12-June-2026,10525,280,13.6410570144653,Put
12-June-2026,10425,308,13.6409893035889,Call
12-June-2026,10425,308,13.9015712738037,Put
12-June-2026,10450,308,13.6862449645996,Call
12-June-2026,10450,308,13.8561706542969,Put
12-June-2026,10475,308,10.7549362182617,Call
12-June-2026,10475,308,13.8061723709106,Put
12-June-2026,10500,308,13.489951133728,Call
12-June-2026,10500,308,13.7582092285156,Put
12-June-2026,10525,308,13.5272808074951,Call
12-June-2026,10525,308,13.7056379318237,Put
12-June-2026,10425,343,13.6325407028198,Call
12-June-2026,10425,343,13.9232559204102,Put
12-June-2026,10450,343,13.5772724151611,Call
12-June-2026,10450,343,13.8665952682495,Put
12-June-2026,10475,343,13.5242033004761,Call
12-June-2026,10475,343,13.8184976577759,Put
12-June-2026,10500,343,13.4669914245606,Call
12-June-2026,10500,343,13.759973526001,Put
12-June-2026,10525,343,16.3423557281494,Call
12-June-2026,10525,343,13.7099456787109,Put
12-June-2026,10425,371,14.5786266326904,Call
12-June-2026,10425,371,14.1555576324463,Put
12-June-2026,10450,371,14.5321559906006,Call
12-June-2026,10450,371,13.3303337097168,Put
12-June-2026,10475,371,13.653956413269,Call
12-June-2026,10475,371,13.3026580810547,Put
12-June-2026,10500,371,14.4291038513184,Call
12-June-2026,10500,371,13.2527847290039,Put
12-June-2026,10525,371,14.3775825500488,Call
12-June-2026,10525,371,13.2293920516968,Put
12-June-2026,8000,399,0.0,Call
12-June-2026,8000,399,0.0,Put
12-June-2026,8800,399,0.0,Call
12-June-2026,8800,399,0.0,Put
12-June-2026,9600,399,0.0,Call
12-June-2026,9600,399,0.0,Put
12-June-2026,10400,399,0.0,Call
12-June-2026,10400,399,0.0,Put
12-June-2026,11200,399,0.0,Call
12-June-2026,11200,399,0.0,Put
12-June-2026,8000,434,0.0,Call
12-June-2026,8000,434,0.0,Put
12-June-2026,8800,434,0.0,Call
12-June-2026,8800,434,0.0,Put
12-June-2026,9600,434,0.0,Call
12-June-2026,9600,434,0.0,Put
12-June-2026,10400,434,0.0,Call
12-June-2026,10400,434,0.0,Put
12-June-2026,11200,434,0.0,Call
12-June-2026,11200,434,0.0,Put
11-June-2026,10250,8,16.6157073974609,Call
11-June-2026,10250,8,14.2709484100342,Put
11-June-2026,10275,8,16.2565441131592,Call
11-June-2026,10275,8,13.9274702072144,Put
11-June-2026,10300,8,15.9092292785644,Call
11-June-2026,10300,8,13.5311708450317,Put
11-June-2026,10325,8,15.6024923324585,Call
11-June-2026,10325,8,13.2722759246826,Put
11-June-2026,10350,8,15.2025136947632,Call
11-June-2026,10350,8,13.2230491638184,Put
11-June-2026,10250,36,14.1967725753784,Call
11-June-2026,10250,36,13.6423940658569,Put
11-June-2026,10275,36,14.0361223220825,Call
11-June-2026,10275,36,13.3786811828613,Put
11-June-2026,10300,36,13.9135980606079,Call
11-June-2026,10300,36,13.326623916626,Put
11-June-2026,10325,36,13.8656206130981,Call
11-June-2026,10325,36,13.1168146133423,Put
11-June-2026,10350,36,13.7378425598144,Call
11-June-2026,10350,36,12.8452053070068,Put
11-June-2026,10250,71,13.6233558654785,Call
11-June-2026,10250,71,13.5916137695312,Put
11-June-2026,10275,71,13.5231895446777,Call
11-June-2026,10275,71,13.5027189254761,Put
11-June-2026,10300,71,13.4294481277466,Call
11-June-2026,10300,71,13.4338264465332,Put
11-June-2026,10325,71,13.3280181884766,Call
11-June-2026,10325,71,13.3297643661499,Put
11-June-2026,10350,71,13.2185659408569,Call
11-June-2026,10350,71,13.2176904678345,Put
11-June-2026,10250,99,13.5761318206787,Call
11-June-2026,10250,99,13.9673175811768,Put
11-June-2026,10275,99,13.6026296615601,Call
11-June-2026,10275,99,13.8757553100586,Put
11-June-2026,10300,99,13.6013641357422,Call
11-June-2026,10300,99,13.7811317443848,Put
11-June-2026,10325,99,13.4441032409668,Call
11-June-2026,10325,99,13.7299900054932,Put
11-June-2026,10350,99,13.4000816345215,Call
11-June-2026,10350,99,13.5818738937378,Put
11-June-2026,10250,127,13.3029327392578,Call
11-June-2026,10250,127,13.7777051925659,Put
11-June-2026,10275,127,13.232702255249,Call
11-June-2026,10275,127,13.609411239624,Put
11-June-2026,10300,127,13.1541814804077,Call
11-June-2026,10300,127,13.5365304946899,Put
11-June-2026,10325,127,13.0775947570801,Call
11-June-2026,10325,127,13.4699411392212,Put
11-June-2026,10350,127,12.9853115081787,Call
11-June-2026,10350,127,13.4739046096802,Put
11-June-2026,10250,162,13.1394166946411,Call
11-June-2026,10250,162,13.7736387252808,Put
11-June-2026,10275,162,13.0735025405884,Call
11-June-2026,10275,162,13.7070980072022,Put
11-June-2026,10300,162,13.0096006393433,Call
11-June-2026,10300,162,13.6447496414185,Put
11-June-2026,10325,162,12.943341255188,Call
11-June-2026,10325,162,13.4795122146606,Put
11-June-2026,10350,162,12.8732042312622,Call
11-June-2026,10350,162,13.5069122314453,Put
11-June-2026,10250,190,13.9996318817139,Call
11-June-2026,10250,190,14.3052845001221,Put
11-June-2026,10275,190,13.9276180267334,Call
11-June-2026,10275,190,14.2492799758911,Put
11-June-2026,10300,190,13.8531408309937,Call
11-June-2026,10300,190,14.1614847183228,Put
11-June-2026,10325,190,13.7542057037353,Call
11-June-2026,10325,190,14.0872030258179,Put
11-June-2026,10350,190,13.6815853118897,Call
11-June-2026,10350,190,14.0054597854614,Put
11-June-2026,10250,218,13.5578165054321,Call
11-June-2026,10250,218,13.767315864563,Put
11-June-2026,10275,218,13.4862947463989,Call
11-June-2026,10275,218,13.690803527832,Put
11-June-2026,10300,218,13.4114828109741,Call
11-June-2026,10300,218,13.6207904815674,Put
11-June-2026,10325,218,13.341477394104,Call
11-June-2026,10325,218,13.5362682342529,Put
11-June-2026,10350,218,13.2709693908691,Call
11-June-2026,10350,218,13.468936920166,Put
11-June-2026,10250,253,13.4314136505127,Call
11-June-2026,10250,253,13.7440147399902,Put
11-June-2026,10275,253,13.3570690155029,Call
11-June-2026,10275,253,13.6727676391602,Put
11-June-2026,10300,253,13.2747097015381,Call
11-June-2026,10300,253,13.5834627151489,Put
11-June-2026,10325,253,13.1941518783569,Call
11-June-2026,10325,253,13.5003976821899,Put
11-June-2026,10350,253,13.1153106689453,Call
11-June-2026,10350,253,13.420503616333,Put
11-June-2026,10250,281,14.0411262512207,Call
11-June-2026,10250,281,14.4088745117188,Put
11-June-2026,10275,281,13.9444189071655,Call
11-June-2026,10275,281,14.3546199798584,Put
11-June-2026,10300,281,13.9083290100098,Call
11-June-2026,10300,281,14.2958574295044,Put
11-June-2026,10325,281,13.8157844543457,Call
11-June-2026,10325,281,14.2199697494507,Put
11-June-2026,10350,281,13.7954826354981,Call
11-June-2026,10350,281,14.1715316772461,Put
11-June-2026,10250,309,14.1375951766968,Call
11-June-2026,10250,309,14.5263376235962,Put
11-June-2026,10275,309,14.1025800704956,Call
11-June-2026,10275,309,14.4859390258789,Put
11-June-2026,10300,309,14.0577850341797,Call
11-June-2026,10300,309,14.4423131942749,Put
11-June-2026,10325,309,14.013352394104,Call
11-June-2026,10325,309,14.3889980316162,Put
11-June-2026,10350,309,13.9642362594604,Call
11-June-2026,10350,309,14.3428506851196,Put
11-June-2026,10250,344,14.0469636917114,Call
11-June-2026,10250,344,14.507438659668,Put
11-June-2026,10275,344,13.9975910186768,Call
11-June-2026,10275,344,14.4430999755859,Put
11-June-2026,10300,344,13.9646654129028,Call
11-June-2026,10300,344,14.3884248733521,Put
11-June-2026,10325,344,13.874849319458,Call
11-June-2026,10325,344,14.3245754241943,Put
11-June-2026,10350,344,13.8193759918213,Call
11-June-2026,10350,344,14.2680797576904,Put
11-June-2026,10250,372,14.1448316574097,Call
11-June-2026,10250,372,14.6212215423584,Put
11-June-2026,10275,372,14.1088581085205,Call
11-June-2026,10275,372,14.5471115112305,Put
11-June-2026,10300,372,14.0019397735596,Call
11-June-2026,10300,372,14.4834747314453,Put
11-June-2026,10325,372,13.9335823059082,Call
11-June-2026,10325,372,14.4110336303711,Put
11-June-2026,10350,372,13.8737888336182,Call
11-June-2026,10350,372,14.3460912704468,Put
11-June-2026,8000,400,0.0,Call
11-June-2026,8000,400,0.0,Put
11-June-2026,8800,400,0.0,Call
11-June-2026,8800,400,0.0,Put
11-June-2026,9600,400,0.0,Call
11-June-2026,9600,400,0.0,Put
11-June-2026,10400,400,0.0,Call
11-June-2026,10400,400,0.0,Put
11-June-2026,11200,400,0.0,Call
11-June-2026,11200,400,0.0,Put
11-June-2026,8000,435,0.0,Call
11-June-2026,8000,435,0.0,Put
11-June-2026,8800,435,0.0,Call
11-June-2026,8800,435,0.0,Put
11-June-2026,9600,435,0.0,Call
11-June-2026,9600,435,0.0,Put
11-June-2026,10400,435,0.0,Call
11-June-2026,10400,435,0.0,Put
11-June-2026,11200,435,0.0,Call
11-June-2026,11200,435,0.0,Put
10-June-2026,10200,9,14.73317527771,Call
10-June-2026,10200,9,14.9609909057617,Put
10-June-2026,10225,9,14.5393505096435,Call
10-June-2026,10225,9,14.7273807525635,Put
10-June-2026,10250,9,14.4241561889648,Call
10-June-2026,10250,9,14.4993171691894,Put
10-June-2026,10275,9,14.1894121170044,Call
10-June-2026,10275,9,14.2681694030762,Put
10-June-2026,10300,9,13.9819593429565,Call
10-June-2026,10300,9,14.1036071777344,Put
10-June-2026,10200,37,13.6498155593872,Call
10-June-2026,10200,37,13.9649419784546,Put
10-June-2026,10225,37,13.5906467437744,Call
10-June-2026,10225,37,13.7960929870606,Put
10-June-2026,10250,37,13.4720067977905,Call
10-June-2026,10250,37,13.7029266357422,Put
10-June-2026,10275,37,13.2940912246704,Call
10-June-2026,10275,37,13.5885562896728,Put
10-June-2026,10300,37,13.1315908432007,Call
10-June-2026,10300,37,13.471170425415,Put
10-June-2026,10200,72,13.1890697479248,Call
10-June-2026,10200,72,13.8749933242798,Put
10-June-2026,10225,72,13.1039113998413,Call
10-June-2026,10225,72,13.7840080261231,Put
10-June-2026,10250,72,13.0245504379272,Call
10-June-2026,10250,72,13.7133855819702,Put
10-June-2026,10275,72,12.9777822494507,Call
10-June-2026,10275,72,13.621844291687,Put
10-June-2026,10300,72,12.9088373184204,Call
10-June-2026,10300,72,13.5499897003174,Put
10-June-2026,10200,100,13.6095628738403,Call
10-June-2026,10200,100,14.1918935775757,Put
10-June-2026,10225,100,13.4819307327271,Call
10-June-2026,10225,100,14.0867853164673,Put
10-June-2026,10250,100,13.4214572906494,Call
10-June-2026,10250,100,14.0139865875244,Put
10-June-2026,10275,100,13.3338832855225,Call
10-June-2026,10275,100,13.9263353347778,Put
10-June-2026,10300,100,13.2424936294556,Call
10-June-2026,10300,100,13.8470344543457,Put
10-June-2026,10200,128,13.0204019546509,Call
10-June-2026,10200,128,13.7452001571655,Put
10-June-2026,10225,128,12.9438543319702,Call
10-June-2026,10225,128,13.659520149231,Put
10-June-2026,10250,128,12.8656320571899,Call
10-June-2026,10250,128,13.5726919174194,Put
10-June-2026,10275,128,12.7855653762817,Call
10-June-2026,10275,128,13.4948873519897,Put
10-June-2026,10300,128,12.70348072052,Call
10-June-2026,10300,128,13.4052667617798,Put
10-June-2026,10200,163,14.0576906204224,Call
10-June-2026,10200,163,14.915961265564,Put
10-June-2026,10225,163,14.0586194992065,Call
10-June-2026,10225,163,14.9310131072998,Put
10-June-2026,10250,163,14.0703182220459,Call
10-June-2026,10250,163,14.9214067459106,Put
10-June-2026,10275,163,14.0574760437012,Call
10-June-2026,10275,163,14.9148359298706,Put
10-June-2026,10300,163,14.0504360198975,Call
10-June-2026,10300,163,14.8923559188843,Put
10-June-2026,10200,191,13.9792776107788,Call
10-June-2026,10200,191,14.5541458129883,Put
10-June-2026,10225,191,13.8960428237915,Call
10-June-2026,10225,191,14.5010948181152,Put
10-June-2026,10250,191,13.822774887085,Call
10-June-2026,10250,191,14.4118566513062,Put
10-June-2026,10275,191,13.7484674453735,Call
10-June-2026,10275,191,14.355372428894,Put
10-June-2026,10300,191,13.7003736495972,Call
10-June-2026,10300,191,14.281756401062,Put
10-June-2026,10200,219,13.6201419830322,Call
10-June-2026,10200,219,14.1111783981323,Put
10-June-2026,10225,219,13.4755954742432,Call
10-June-2026,10225,219,13.9737634658813,Put
10-June-2026,10250,219,13.3556756973267,Call
10-June-2026,10250,219,13.8325185775757,Put
10-June-2026,10275,219,13.2339506149292,Call
10-June-2026,10275,219,13.7157974243164,Put
10-June-2026,10300,219,13.1075220108032,Call
10-June-2026,10300,219,13.6077260971069,Put
10-June-2026,10200,254,13.3902339935303,Call
10-June-2026,10200,254,14.0359916687012,Put
10-June-2026,10225,254,13.3281211853027,Call
10-June-2026,10225,254,13.9627695083618,Put
10-June-2026,10250,254,13.2662010192871,Call
10-June-2026,10250,254,13.8995542526245,Put
10-June-2026,10275,254,13.2015056610107,Call
10-June-2026,10275,254,13.8256368637085,Put
10-June-2026,10300,254,13.1369104385376,Call
10-June-2026,10300,254,13.7585411071777,Put
10-June-2026,10200,282,13.912558555603,Call
10-June-2026,10200,282,14.5861072540283,Put
10-June-2026,10225,282,13.8728733062744,Call
10-June-2026,10225,282,14.522852897644,Put
10-June-2026,10250,282,13.8158159255981,Call
10-June-2026,10250,282,14.4708156585693,Put
10-June-2026,10275,282,13.7657041549683,Call
10-June-2026,10275,282,14.4157543182373,Put
10-June-2026,10300,282,13.7174301147461,Call
10-June-2026,10300,282,14.3606653213501,Put
10-June-2026,10200,310,13.8689737319946,Call
10-June-2026,10200,310,14.5759897232056,Put
10-June-2026,10225,310,13.8210287094116,Call
10-June-2026,10225,310,14.5148897171021,Put
10-June-2026,10250,310,13.7565279006958,Call
10-June-2026,10250,310,14.4644327163696,Put
10-June-2026,10275,310,13.6991720199585,Call
10-June-2026,10275,310,14.397536277771,Put
10-June-2026,10300,310,13.6505889892578,Call
10-June-2026,10300,310,14.3378629684448,Put
10-June-2026,10200,345,14.2344703674316,Call
10-June-2026,10200,345,14.962513923645,Put
10-June-2026,10225,345,14.2168235778809,Call
10-June-2026,10225,345,14.9150114059448,Put
10-June-2026,10250,345,14.1253099441528,Call
10-June-2026,10250,345,14.8592643737793,Put
10-June-2026,10275,345,14.0734300613403,Call
10-June-2026,10275,345,14.807297706604,Put
10-June-2026,10300,345,14.0237760543823,Call
10-June-2026,10300,345,14.7562618255615,Put
10-June-2026,10200,373,13.9478178024292,Call
10-June-2026,10200,373,14.7660341262817,Put
10-June-2026,10225,373,13.8999938964844,Call
10-June-2026,10225,373,14.7099657058716,Put
10-June-2026,10250,373,13.8432111740112,Call
10-June-2026,10250,373,14.6521453857422,Put
10-June-2026,10275,373,13.79381275177,Call
10-June-2026,10275,373,14.5919008255005,Put
10-June-2026,10300,373,13.7467002868652,Call
10-June-2026,10300,373,14.5391178131103,Put
10-June-2026,8000,401,0.0,Call
10-June-2026,8000,401,0.0,Put
10-June-2026,8800,401,0.0,Call
10-June-2026,8800,401,0.0,Put
10-June-2026,9600,401,0.0,Call
10-June-2026,9600,401,0.0,Put
10-June-2026,10400,401,0.0,Call
10-June-2026,10400,401,0.0,Put
10-June-2026,11200,401,0.0,Call
10-June-2026,11200,401,0.0,Put
10-June-2026,8000,436,0.0,Call
10-June-2026,8000,436,0.0,Put
10-June-2026,8800,436,0.0,Call
10-June-2026,8800,436,0.0,Put
10-June-2026,9600,436,0.0,Call
10-June-2026,9600,436,0.0,Put
10-June-2026,10400,436,0.0,Call
10-June-2026,10400,436,0.0,Put
10-June-2026,11200,436,0.0,Call
10-June-2026,11200,436,0.0,Put
9-June-2026,10175,10,13.8890972137451,Call
9-June-2026,10175,10,13.6012554168701,Put
9-June-2026,10200,10,13.8092908859253,Call
9-June-2026,10200,10,13.4234428405762,Put
9-June-2026,10225,10,13.5874195098877,Call
9-June-2026,10225,10,13.2092113494873,Put
9-June-2026,10250,10,13.646614074707,Call
9-June-2026,10250,10,13.1652688980103,Put
9-June-2026,10275,10,13.1988592147827,Call
9-June-2026,10275,10,12.931396484375,Put
9-June-2026,10175,38,13.2585315704346,Call
9-June-2026,10175,38,13.4919471740723,Put
9-June-2026,10200,38,13.1936731338501,Call
9-June-2026,10200,38,13.2450037002563,Put
9-June-2026,10225,38,12.9952087402344,Call
9-June-2026,10225,38,13.1288633346558,Put
9-June-2026,10250,38,12.887152671814,Call
9-June-2026,10250,38,13.0282402038574,Put
9-June-2026,10275,38,12.830265045166,Call
9-June-2026,10275,38,12.9606189727783,Put
9-June-2026,10175,73,13.1456050872803,Call
9-June-2026,10175,73,13.6177663803101,Put
9-June-2026,10200,73,12.9738454818726,Call
9-June-2026,10200,73,13.5229873657227,Put
9-June-2026,10225,73,12.9709215164185,Call
9-June-2026,10225,73,13.3399143218994,Put
9-June-2026,10250,73,12.8648519515991,Call
9-June-2026,10250,73,13.3794641494751,Put
9-June-2026,10275,73,12.7233209609985,Call
9-June-2026,10275,73,13.2624540328979,Put
9-June-2026,10175,101,13.4853601455688,Call
9-June-2026,10175,101,13.8802785873413,Put
9-June-2026,10200,101,13.3884496688843,Call
9-June-2026,10200,101,13.8417434692383,Put
9-June-2026,10225,101,13.3231000900269,Call
9-June-2026,10225,101,13.729923248291,Put
9-June-2026,10250,101,13.2423439025879,Call
9-June-2026,10250,101,13.6381702423096,Put
9-June-2026,10275,101,13.146092414856,Call
9-June-2026,10275,101,13.6008834838867,Put
9-June-2026,10175,129,13.6822319030762,Call
9-June-2026,10175,129,14.1193752288818,Put
9-June-2026,10200,129,13.5880556106567,Call
9-June-2026,10200,129,14.0074892044067,Put
9-June-2026,10225,129,13.4927453994751,Call
9-June-2026,10225,129,13.8741683959961,Put
9-June-2026,10250,129,13.3858337402344,Call
9-June-2026,10250,129,13.7811784744263,Put
9-June-2026,10275,129,13.3493938446045,Call
9-June-2026,10275,129,13.6972055435181,Put
9-June-2026,10175,164,13.9015321731567,Call
9-June-2026,10175,164,14.2788619995117,Put
9-June-2026,10200,164,13.843186378479,Call
9-June-2026,10200,164,14.1851091384888,Put
9-June-2026,10225,164,13.7665939331055,Call
9-June-2026,10225,164,14.1336174011231,Put
9-June-2026,10250,164,13.6901569366455,Call
9-June-2026,10250,164,14.0639581680298,Put
9-June-2026,10275,164,13.6137762069702,Call
9-June-2026,10275,164,13.9924335479736,Put
9-June-2026,10175,192,13.8290100097656,Call
9-June-2026,10175,192,14.3200969696045,Put
9-June-2026,10200,192,13.8138132095337,Call
9-June-2026,10200,192,14.2414093017578,Put
9-June-2026,10225,192,13.7446165084839,Call
9-June-2026,10225,192,14.1757516860962,Put
9-June-2026,10250,192,13.667763710022,Call
9-June-2026,10250,192,14.0990991592407,Put
9-June-2026,10275,192,13.5578565597534,Call
9-June-2026,10275,192,14.0402984619141,Put
9-June-2026,10175,220,14.2641954421997,Call
9-June-2026,10175,220,14.1759986877441,Put
9-June-2026,10200,220,14.2636032104492,Call
9-June-2026,10200,220,14.1071834564209,Put
9-June-2026,10225,220,14.2724599838257,Call
9-June-2026,10225,220,14.0445823669434,Put
9-June-2026,10250,220,14.2534151077271,Call
9-June-2026,10250,220,13.9795246124268,Put
9-June-2026,10275,220,14.2484922409058,Call
9-June-2026,10275,220,13.9078693389893,Put
9-June-2026,10175,255,13.8426837921143,Call
9-June-2026,10175,255,14.2322015762329,Put
9-June-2026,10200,255,13.7154111862183,Call
9-June-2026,10200,255,14.1630125045776,Put
9-June-2026,10225,255,13.5957326889038,Call
9-June-2026,10225,255,14.0969190597534,Put
9-June-2026,10250,255,13.4816312789917,Call
9-June-2026,10250,255,14.0349864959717,Put
9-June-2026,10275,255,13.3694667816162,Call
9-June-2026,10275,255,13.9724340438843,Put
9-June-2026,10175,283,14.1539659500122,Call
9-June-2026,10175,283,14.4753541946411,Put
9-June-2026,10200,283,14.0901346206665,Call
9-June-2026,10200,283,14.4114198684692,Put
9-June-2026,10225,283,14.0303258895874,Call
9-June-2026,10225,283,14.3646593093872,Put
9-June-2026,10250,283,13.7303438186646,Call
9-June-2026,10250,283,14.3013572692871,Put
9-June-2026,10275,283,13.6799936294556,Call
9-June-2026,10275,283,14.2507009506226,Put
9-June-2026,10175,311,13.9303350448608,Call
9-June-2026,10175,311,14.4925546646118,Put
9-June-2026,10200,311,13.8559112548828,Call
9-June-2026,10200,311,14.439263343811,Put
9-June-2026,10225,311,13.7786378860474,Call
9-June-2026,10225,311,14.3830347061157,Put
9-June-2026,10250,311,13.7153434753418,Call
9-June-2026,10250,311,14.3306550979614,Put
9-June-2026,10275,311,13.6608648300171,Call
9-June-2026,10275,311,14.2854251861572,Put
9-June-2026,10200,346,13.8667287826538,Call
9-June-2026,10200,346,14.5693855285644,Put
9-June-2026,10225,346,13.770791053772,Call
9-June-2026,10225,346,14.5220136642456,Put
9-June-2026,10250,346,13.7273826599121,Call
9-June-2026,10250,346,14.4654159545898,Put
9-June-2026,10275,346,13.7374801635742,Call
9-June-2026,10275,346,14.4161558151245,Put
9-June-2026,10300,346,13.6853923797607,Call
9-June-2026,10300,346,14.3755521774292,Put
9-June-2026,10200,374,14.2033681869507,Call
9-June-2026,10200,374,14.7169818878174,Put
9-June-2026,10225,374,14.1636877059937,Call
9-June-2026,10225,374,14.6709108352661,Put
9-June-2026,10250,374,14.0195045471191,Call
9-June-2026,10250,374,14.6221504211426,Put
9-June-2026,10275,374,13.9772443771362,Call
9-June-2026,10275,374,14.5745973587036,Put
9-June-2026,10300,374,13.9310569763184,Call
9-June-2026,10300,374,14.5293922424316,Put
9-June-2026,8000,402,0.0,Call
9-June-2026,8000,402,0.0,Put
9-June-2026,8800,402,0.0,Call
9-June-2026,8800,402,0.0,Put
9-June-2026,9600,402,0.0,Call
9-June-2026,9600,402,0.0,Put
9-June-2026,10400,402,0.0,Call
9-June-2026,10400,402,0.0,Put
9-June-2026,11200,402,0.0,Call
9-June-2026,11200,402,0.0,Put
9-June-2026,8000,437,0.0,Call
9-June-2026,8000,437,0.0,Put
9-June-2026,8800,437,0.0,Call
9-June-2026,8800,437,0.0,Put
9-June-2026,9600,437,0.0,Call
9-June-2026,9600,437,0.0,Put
9-June-2026,10400,437,0.0,Call
9-June-2026,10400,437,0.0,Put
9-June-2026,11200,437,0.0,Call
9-June-2026,11200,437,0.0,Put
8-June-2026,10325,11,12.9084854125977,Call
8-June-2026,10325,11,12.6076545715332,Put
8-June-2026,10350,11,12.6289405822754,Call
8-June-2026,10350,11,12.4708261489868,Put
8-June-2026,10375,11,12.515754699707,Call
8-June-2026,10375,11,12.3324089050293,Put
8-June-2026,10400,11,12.3346452713013,Call
8-June-2026,10400,11,12.1529455184937,Put
8-June-2026,10425,11,12.1462869644165,Call
8-June-2026,10425,11,11.9661293029785,Put
8-June-2026,10325,39,12.6913928985596,Call
8-June-2026,10325,39,12.7144050598144,Put
8-June-2026,10350,39,12.588830947876,Call
8-June-2026,10350,39,12.6197013854981,Put
8-June-2026,10375,39,12.4835271835327,Call
8-June-2026,10375,39,12.5222120285034,Put
8-June-2026,10400,39,12.3742170333862,Call
8-June-2026,10400,39,12.4027490615845,Put
8-June-2026,10425,39,12.2595014572144,Call
8-June-2026,10425,39,12.3139734268188,Put
8-June-2026,10325,74,12.6331329345703,Call
8-June-2026,10325,74,13.0598421096802,Put
8-June-2026,10350,74,12.5309648513794,Call
8-June-2026,10350,74,12.966796875,Put
8-June-2026,10375,74,12.446123123169,Call
8-June-2026,10375,74,12.8665809631348,Put
8-June-2026,10400,74,12.3831768035889,Call
8-June-2026,10400,74,12.758846282959,Put
8-June-2026,10425,74,12.2836723327637,Call
8-June-2026,10425,74,12.7223434448242,Put
8-June-2026,10325,102,12.9339408874512,Call
8-June-2026,10325,102,13.3943271636963,Put
8-June-2026,10350,102,12.874716758728,Call
8-June-2026,10350,102,13.3119029998779,Put
8-June-2026,10375,102,12.8117370605469,Call
8-June-2026,10375,102,13.2377214431763,Put
8-June-2026,10400,102,12.7221183776856,Call
8-June-2026,10400,102,13.1601257324219,Put
8-June-2026,10425,102,12.6511974334717,Call
8-June-2026,10425,102,13.0789432525635,Put
8-June-2026,10325,130,12.9807834625244,Call
8-June-2026,10325,130,13.6937007904053,Put
8-June-2026,10350,130,12.9616432189941,Call
8-June-2026,10350,130,13.5136299133301,Put
8-June-2026,10375,130,12.8798093795776,Call
8-June-2026,10375,130,13.4142875671387,Put
8-June-2026,10400,130,12.6954774856567,Call
8-June-2026,10400,130,13.3239717483521,Put
8-June-2026,10425,130,12.5804424285889,Call
8-June-2026,10425,130,13.2021493911743,Put
8-June-2026,10325,165,13.2085542678833,Call
8-June-2026,10325,165,13.8149662017822,Put
8-June-2026,10350,165,13.0893850326538,Call
8-June-2026,10350,165,13.6923179626465,Put
8-June-2026,10375,165,12.9706611633301,Call
8-June-2026,10375,165,13.579363822937,Put
8-June-2026,10400,165,12.8432016372681,Call
8-June-2026,10400,165,13.4848623275757,Put
8-June-2026,10425,165,12.8055639266968,Call
8-June-2026,10425,165,13.3726501464844,Put
8-June-2026,10325,193,13.5249481201172,Call
8-June-2026,10325,193,13.9408683776856,Put
8-June-2026,10350,193,13.4543800354004,Call
8-June-2026,10350,193,13.8493576049805,Put
8-June-2026,10375,193,13.3884468078613,Call
8-June-2026,10375,193,13.7996520996094,Put
8-June-2026,10400,193,13.3214626312256,Call
8-June-2026,10400,193,13.7413787841797,Put
8-June-2026,10425,193,13.2468900680542,Call
8-June-2026,10425,193,13.6756200790405,Put
8-June-2026,10325,221,13.5363883972168,Call
8-June-2026,10325,221,13.8080234527588,Put
8-June-2026,10350,221,13.561601638794,Call
8-June-2026,10350,221,13.8233728408813,Put
8-June-2026,10375,221,13.5718641281128,Call
8-June-2026,10375,221,13.836820602417,Put
8-June-2026,10400,221,13.5812902450562,Call
8-June-2026,10400,221,13.8347005844116,Put
8-June-2026,10425,221,13.5871868133545,Call
8-June-2026,10425,221,13.8353481292725,Put
8-June-2026,10325,256,14.2840089797974,Call
8-June-2026,10325,256,14.645830154419,Put
8-June-2026,10350,256,14.2377271652222,Call
8-June-2026,10350,256,14.6037321090698,Put
8-June-2026,10375,256,14.2019557952881,Call
8-June-2026,10375,256,14.573543548584,Put
8-June-2026,10400,256,14.171685218811,Call
8-June-2026,10400,256,14.5380830764771,Put
8-June-2026,10425,256,14.1392984390259,Call
8-June-2026,10425,256,14.5066032409668,Put
8-June-2026,10325,284,13.5746345520019,Call
8-June-2026,10325,284,14.1741323471069,Put
8-June-2026,10350,284,13.5217752456665,Call
8-June-2026,10350,284,14.1131248474121,Put
8-June-2026,10375,284,13.461256980896,Call
8-June-2026,10375,284,14.0560722351074,Put
8-June-2026,10400,284,13.4178457260132,Call
8-June-2026,10400,284,13.9428234100342,Put
8-June-2026,10425,284,13.3554134368897,Call
8-June-2026,10425,284,13.9572811126709,Put
8-June-2026,10325,312,13.6132564544678,Call
8-June-2026,10325,312,14.150767326355,Put
8-June-2026,10350,312,13.5334949493408,Call
8-June-2026,10350,312,14.078688621521,Put
8-June-2026,10375,312,13.4610004425049,Call
8-June-2026,10375,312,14.0037994384766,Put
8-June-2026,10400,312,13.3906517028809,Call
8-June-2026,10400,312,13.9295253753662,Put
8-June-2026,10425,312,13.3223924636841,Call
8-June-2026,10425,312,13.8640804290772,Put
8-June-2026,10325,347,13.5951232910156,Call
8-June-2026,10325,347,14.2094116210938,Put
8-June-2026,10350,347,13.546329498291,Call
8-June-2026,10350,347,14.159294128418,Put
8-June-2026,10375,347,13.4933881759644,Call
8-June-2026,10375,347,14.1000518798828,Put
8-June-2026,10400,347,13.4426469802856,Call
8-June-2026,10400,347,14.0544939041138,Put
8-June-2026,10425,347,13.3940658569336,Call
8-June-2026,10425,347,13.9985122680664,Put
8-June-2026,10325,375,13.5436592102051,Call
8-June-2026,10325,375,14.2041616439819,Put
8-June-2026,10350,375,13.4965009689331,Call
8-June-2026,10350,375,14.1576519012451,Put
8-June-2026,10375,375,13.439374923706,Call
8-June-2026,10375,375,14.0961837768555,Put
8-June-2026,10400,375,13.3906908035278,Call
8-June-2026,10400,375,14.0482883453369,Put
8-June-2026,10425,375,13.3442611694336,Call
8-June-2026,10425,375,13.990517616272,Put
8-June-2026,8000,403,0.0,Call
8-June-2026,8000,403,0.0,Put
8-June-2026,8800,403,0.0,Call
8-June-2026,8800,403,0.0,Put
8-June-2026,9600,403,0.0,Call
8-June-2026,9600,403,0.0,Put
8-June-2026,10400,403,0.0,Call
8-June-2026,10400,403,0.0,Put
8-June-2026,11200,403,0.0,Call
8-June-2026,11200,403,0.0,Put
8-June-2026,8000,438,0.0,Call
8-June-2026,8000,438,0.0,Put
8-June-2026,8800,438,0.0,Call
8-June-2026,8800,438,0.0,Put
8-June-2026,9600,438,0.0,Call
8-June-2026,9600,438,0.0,Put
8-June-2026,10400,438,0.0,Call
8-June-2026,10400,438,0.0,Put
8-June-2026,11200,438,0.0,Call
8-June-2026,11200,438,0.0,Put
